{
	"credit": "Made with Blockbench",
	"parent": "minecraft:block/fence_post",
	"textures": {
		"1": "block/bamboo_planks_post",
		"2": "block/bamboo_fence",
		"particle": "block/bamboo_planks_post"
	},
	"elements": [
		{
			"from": [7.5, 0, -1.5],
			"to": [9.5, 16, 0.5],
			"rotation": {"angle": 0, "axis": "y", "origin": [0, 0, -1]},
			"faces": {
				"north": {"uv": [0, 0, 2, 16], "texture": "#2"},
				"east": {"uv": [0, 0, 2, 16], "texture": "#2"},
				"south": {"uv": [0, 0, 2, 16], "texture": "#2"},
				"west": {"uv": [0, 0, 2, 16], "texture": "#2"},
				"up": {"uv": [0, 0, 2, 2], "texture": "#2"},
				"down": {"uv": [0, 0, 2, 2], "texture": "#2"}
			}
		},
		{
			"from": [7.5, 12.5, 0.5],
			"to": [9.5, 13.5, 7.5],
			"rotation": {"angle": 0, "axis": "y", "origin": [8.5, 13, 7]},
			"faces": {
				"north": {"uv": [0, 0, 2, 1], "rotation": 180, "texture": "#2"},
				"east": {"uv": [0, 0, 1, 7], "rotation": 270, "texture": "#2"},
				"south": {"uv": [0, 0, 2, 1], "texture": "#2"},
				"west": {"uv": [0, 0, 1, 7], "rotation": 90, "texture": "#2"},
				"up": {"uv": [0, 0, 2, 7], "rotation": 180, "texture": "#2"},
				"down": {"uv": [0, 0, 2, 7], "texture": "#2"}
			}
		},
		{
			"from": [7.5, 1.5, 7.5],
			"to": [9.5, 2.5, 14.5],
			"rotation": {"angle": 0, "axis": "y", "origin": [8.5, 2, 14]},
			"faces": {
				"north": {"uv": [0, 0, 2, 1], "rotation": 180, "texture": "#2"},
				"east": {"uv": [0, 0, 1, 7], "rotation": 270, "texture": "#2"},
				"south": {"uv": [0, 0, 2, 1], "texture": "#2"},
				"west": {"uv": [0, 0, 1, 7], "rotation": 90, "texture": "#2"},
				"up": {"uv": [0, 0, 2, 7], "rotation": 180, "texture": "#2"},
				"down": {"uv": [0, 0, 2, 7], "texture": "#2"}
			}
		},
		{
			"from": [7.5, 1.5, 0.5],
			"to": [9.5, 2.5, 7.5],
			"rotation": {"angle": 0, "axis": "y", "origin": [8.5, 2, 7]},
			"faces": {
				"north": {"uv": [0, 0, 2, 1], "rotation": 180, "texture": "#2"},
				"east": {"uv": [0, 0, 1, 7], "rotation": 270, "texture": "#2"},
				"south": {"uv": [0, 0, 2, 1], "texture": "#2"},
				"west": {"uv": [0, 0, 1, 7], "rotation": 90, "texture": "#2"},
				"up": {"uv": [0, 0, 2, 7], "rotation": 180, "texture": "#2"},
				"down": {"uv": [0, 0, 2, 7], "texture": "#2"}
			}
		},
		{
			"from": [7.5, 12.5, 7.5],
			"to": [9.5, 13.5, 14.5],
			"rotation": {"angle": 0, "axis": "y", "origin": [8.5, 13, 14]},
			"faces": {
				"north": {"uv": [0, 0, 2, 1], "rotation": 180, "texture": "#2"},
				"east": {"uv": [0, 0, 1, 7], "rotation": 270, "texture": "#2"},
				"south": {"uv": [0, 0, 2, 1], "texture": "#2"},
				"west": {"uv": [0, 0, 1, 7], "rotation": 90, "texture": "#2"},
				"up": {"uv": [0, 0, 2, 7], "rotation": 180, "texture": "#2"},
				"down": {"uv": [0, 0, 2, 7], "texture": "#2"}
			}
		},
		{
			"from": [7.5, 0, 14.5],
			"to": [9.5, 16, 16.5],
			"rotation": {"angle": 0, "axis": "y", "origin": [0, 0, 1]},
			"faces": {
				"north": {"uv": [0, 0, 2, 16], "texture": "#2"},
				"east": {"uv": [0, 0, 2, 16], "texture": "#2"},
				"south": {"uv": [0, 0, 2, 16], "texture": "#2"},
				"west": {"uv": [0, 0, 2, 16], "texture": "#2"},
				"up": {"uv": [0, 0, 2, 2], "texture": "#2"},
				"down": {"uv": [0, 0, 2, 2], "texture": "#2"}
			}
		},
		{
			"from": [8.25, -1.325, 11],
			"to": [9.25, 15.675, 13],
			"rotation": {"angle": -22.5, "axis": "x", "origin": [7.75, 4.925, 10.5]},
			"faces": {
				"north": {"uv": [0, 12, 16, 14], "rotation": 270, "texture": "#1"},
				"east": {"uv": [0, 12, 16, 14], "rotation": 270, "texture": "#1"},
				"south": {"uv": [0, 12, 16, 13], "rotation": 270, "texture": "#1"},
				"west": {"uv": [0, 12, 16, 14], "rotation": 90, "texture": "#1"},
				"up": {"uv": [0, 0, 1, 2], "rotation": 180, "texture": "#1"},
				"down": {"uv": [0, 0, 1, 2], "texture": "#1"}
			}
		},
		{
			"from": [7.9, -0.15, 9],
			"to": [8.9, 16.85, 11],
			"rotation": {"angle": 22.5, "axis": "x", "origin": [7.4, 6.1, 8.5]},
			"faces": {
				"north": {"uv": [16, 12, 0, 13], "rotation": 270, "texture": "#1"},
				"east": {"uv": [16, 12, 0, 14], "rotation": 270, "texture": "#1"},
				"south": {"uv": [16, 12, 0, 13], "rotation": 270, "texture": "#1"},
				"west": {"uv": [16, 12, 0, 14], "rotation": 90, "texture": "#1"},
				"up": {"uv": [0, 0, 1, 2], "texture": "#1"},
				"down": {"uv": [0, 0, 1, 2], "rotation": 180, "texture": "#1"}
			}
		},
		{
			"from": [7.4, -0.15, 2.25],
			"to": [8.4, 16.85, 4.25],
			"rotation": {"angle": 22.5, "axis": "x", "origin": [7.9, 6.1, 1.75]},
			"faces": {
				"north": {"uv": [16, 12, 0, 13], "rotation": 270, "texture": "#1"},
				"east": {"uv": [16, 12, 0, 14], "rotation": 270, "texture": "#1"},
				"south": {"uv": [16, 12, 0, 13], "rotation": 270, "texture": "#1"},
				"west": {"uv": [16, 12, 0, 14], "rotation": 90, "texture": "#1"},
				"up": {"uv": [0, 0, 1, 2], "texture": "#1"},
				"down": {"uv": [0, 0, 1, 2], "rotation": 180, "texture": "#1"}
			}
		},
		{
			"from": [7.75, -1.525, 4.25],
			"to": [8.75, 15.475, 6.25],
			"rotation": {"angle": -22.5, "axis": "x", "origin": [8.25, 4.725, 3.75]},
			"faces": {
				"north": {"uv": [0, 12, 16, 14], "rotation": 270, "texture": "#1"},
				"east": {"uv": [0, 12, 16, 14], "rotation": 270, "texture": "#1"},
				"south": {"uv": [0, 12, 16, 13], "rotation": 270, "texture": "#1"},
				"west": {"uv": [0, 12, 16, 14], "rotation": 90, "texture": "#1"},
				"up": {"uv": [0, 0, 1, 2], "rotation": 180, "texture": "#1"},
				"down": {"uv": [0, 0, 1, 2], "texture": "#1"}
			}
		}
	],
	"display": {
		"thirdperson_righthand": {
			"rotation": [75, 30, 0],
			"translation": [0, 0.75, 0],
			"scale": [0.375, 0.375, 0.375]
		},
		"thirdperson_lefthand": {
			"rotation": [75, 30, 0],
			"translation": [0, 0.75, 0],
			"scale": [0.375, 0.375, 0.375]
		},
		"firstperson_righthand": {
			"rotation": [0, 35, 0],
			"scale": [0.5, 0.5, 0.5]
		},
		"firstperson_lefthand": {
			"rotation": [0, 35, 0],
			"scale": [0.5, 0.5, 0.5]
		},
		"ground": {
			"translation": [0, 3, 0],
			"scale": [0.5, 0.5, 0.5]
		},
		"gui": {
			"rotation": [30, 135, 0],
			"scale": [0.62, 0.62, 0.62]
		},
		"fixed": {
			"scale": [0.7, 0.7, 0.7]
		}
	}
}