{
	"credit": "Made with Blockbench",
	"textures": {
		"1": "block/birch_log_fence"
	},
	"elements": [
		{
			"from": [7.45, 15.2, 3.9],
			"to": [8.5, 17.3, 6],
			"rotation": {"angle": 45, "axis": "x", "origin": [8, 16.075, 4.675]},
			"faces": {
				"north": {"uv": [3, 0, 4, 2], "texture": "#1"},
				"east": {"uv": [4, 0, 6, 2], "texture": "#1"},
				"south": {"uv": [2, 0, 3, 2], "texture": "#1"},
				"west": {"uv": [4, 0, 6, 2], "texture": "#1"},
				"up": {"uv": [7, 3, 6, 1], "texture": "#1"},
				"down": {"uv": [8, 1, 7, 3], "texture": "#1"}
			}
		},
		{
			"from": [7.5, 3, 1.25],
			"to": [8.5, 5, 8.775],
			"rotation": {"angle": 0, "axis": "y", "origin": [7.5, -2, 4.5]},
			"faces": {
				"north": {"uv": [6, 13, 7, 15], "texture": "#1"},
				"east": {"uv": [2, 13, 9, 15], "texture": "#1"},
				"south": {"uv": [10, 13, 11, 15], "texture": "#1"},
				"west": {"uv": [7, 13, 14, 15], "texture": "#1"},
				"up": {"uv": [10, 16, 9, 9], "texture": "#1"},
				"down": {"uv": [11, 9, 10, 16], "texture": "#1"}
			}
		},
		{
			"from": [7.5, 9, 1.25],
			"to": [8.5, 11, 8.775],
			"rotation": {"angle": 0, "axis": "y", "origin": [7.5, 4, 4.5]},
			"faces": {
				"north": {"uv": [6, 13, 7, 15], "texture": "#1"},
				"east": {"uv": [2, 13, 9, 15], "texture": "#1"},
				"south": {"uv": [10, 13, 11, 15], "texture": "#1"},
				"west": {"uv": [7, 13, 14, 15], "texture": "#1"},
				"up": {"uv": [10, 16, 9, 9], "texture": "#1"},
				"down": {"uv": [11, 9, 10, 16], "texture": "#1"}
			}
		},
		{
			"from": [7.425, 0, 3.5],
			"to": [8.525, 16, 6.5],
			"rotation": {"angle": 0, "axis": "y", "origin": [7.525, 0, 4.5]},
			"faces": {
				"north": {"uv": [0, 0, 1, 16], "texture": "#1"},
				"east": {"uv": [0, 0, 3, 16], "texture": "#1"},
				"south": {"uv": [0, 0, 1, 16], "texture": "#1"},
				"west": {"uv": [1, 0, 4, 16], "texture": "#1"},
				"up": {"uv": [4, 3, 3, 0], "texture": "#1"},
				"down": {"uv": [5, 0, 4, 3], "texture": "#1"}
			}
		},
		{
			"from": [7.45, 15.2, 9.9],
			"to": [8.5, 17.3, 12],
			"rotation": {"angle": 45, "axis": "x", "origin": [8, 16.075, 10.675]},
			"faces": {
				"north": {"uv": [3, 0, 4, 2], "texture": "#1"},
				"east": {"uv": [4, 0, 6, 2], "texture": "#1"},
				"south": {"uv": [2, 0, 3, 2], "texture": "#1"},
				"west": {"uv": [4, 0, 6, 2], "texture": "#1"},
				"up": {"uv": [7, 3, 6, 1], "texture": "#1"},
				"down": {"uv": [8, 1, 7, 3], "texture": "#1"}
			}
		},
		{
			"from": [7.5, 3, 8.25],
			"to": [8.5, 5, 14.775],
			"rotation": {"angle": 0, "axis": "y", "origin": [7.5, -2, 10.5]},
			"faces": {
				"north": {"uv": [5, 12, 6, 14], "texture": "#1"},
				"east": {"uv": [2, 12, 8, 14], "texture": "#1"},
				"south": {"uv": [8, 12, 9, 14], "texture": "#1"},
				"west": {"uv": [6, 12, 12, 14], "texture": "#1"},
				"up": {"uv": [9, 15, 8, 9], "texture": "#1"},
				"down": {"uv": [10, 9, 9, 15], "texture": "#1"}
			}
		},
		{
			"from": [7.5, 9, 8.25],
			"to": [8.5, 11, 14.775],
			"rotation": {"angle": 0, "axis": "y", "origin": [7.5, 4, 10.5]},
			"faces": {
				"north": {"uv": [5, 12, 6, 14], "texture": "#1"},
				"east": {"uv": [2, 12, 8, 14], "texture": "#1"},
				"south": {"uv": [8, 12, 9, 14], "texture": "#1"},
				"west": {"uv": [6, 12, 12, 14], "texture": "#1"},
				"up": {"uv": [9, 15, 8, 9], "texture": "#1"},
				"down": {"uv": [10, 9, 9, 15], "texture": "#1"}
			}
		},
		{
			"from": [7.425, 0, 9.5],
			"to": [8.525, 16, 12.5],
			"rotation": {"angle": 0, "axis": "y", "origin": [7.525, 0, 10.5]},
			"faces": {
				"north": {"uv": [0, 0, 1, 16], "texture": "#1"},
				"east": {"uv": [0, 0, 3, 16], "texture": "#1"},
				"south": {"uv": [0, 0, 1, 16], "texture": "#1"},
				"west": {"uv": [1, 0, 4, 16], "texture": "#1"},
				"up": {"uv": [4, 3, 3, 0], "texture": "#1"},
				"down": {"uv": [5, 0, 4, 3], "texture": "#1"}
			}
		},
		{
			"from": [6.5, 0, -1],
			"to": [9.5, 16, 2],
			"rotation": {"angle": 0, "axis": "y", "origin": [0.5, 0, -8]},
			"faces": {
				"north": {"uv": [0, 0, 3, 16], "texture": "#1"},
				"east": {"uv": [3, 0, 6, 16], "texture": "#1"},
				"south": {"uv": [6, 0, 9, 16], "texture": "#1"},
				"west": {"uv": [9, 0, 12, 16], "texture": "#1"},
				"up": {"uv": [15, 3, 12, 0], "texture": "#1"},
				"down": {"uv": [15, 3, 12, 6], "texture": "#1"}
			}
		},
		{
			"from": [6.5, 0, 14],
			"to": [9.5, 16, 17],
			"rotation": {"angle": 0, "axis": "y", "origin": [0.5, 0, 7]},
			"faces": {
				"north": {"uv": [0, 0, 3, 16], "texture": "#1"},
				"east": {"uv": [3, 0, 6, 16], "texture": "#1"},
				"south": {"uv": [6, 0, 9, 16], "texture": "#1"},
				"west": {"uv": [9, 0, 12, 16], "texture": "#1"},
				"up": {"uv": [15, 3, 12, 0], "texture": "#1"},
				"down": {"uv": [15, 3, 12, 6], "texture": "#1"}
			}
		}
	],
	"display": {
		"thirdperson_righthand": {
			"rotation": [75, 30, 0],
			"translation": [0, 0.75, 0],
			"scale": [0.375, 0.375, 0.375]
		},
		"thirdperson_lefthand": {
			"rotation": [75, 30, 0],
			"translation": [0, 0.75, 0],
			"scale": [0.375, 0.375, 0.375]
		},
		"firstperson_righthand": {
			"rotation": [0, 35, 0],
			"scale": [0.5, 0.5, 0.5]
		},
		"firstperson_lefthand": {
			"rotation": [0, 35, 0],
			"scale": [0.5, 0.5, 0.5]
		},
		"ground": {
			"translation": [0, 3, 0],
			"scale": [0.5, 0.5, 0.5]
		},
		"gui": {
			"rotation": [30, 135, 0],
			"scale": [0.62, 0.62, 0.62]
		},
		"fixed": {
			"scale": [0.7, 0.7, 0.7]
		}
	}
}