{
	"credit": "Made with Blockbench",
	"parent": "minecraft:block/template_fence_gate",
	"textures": {
		"1": "block/birch_log"
	},
	"elements": [
		{
			"from": [1.225, 9, 7.5],
			"to": [8, 11, 8.5],
			"rotation": {"angle": 0, "axis": "y", "origin": [5.5, 4, 7.5]},
			"faces": {
				"north": {"uv": [6, 12, 12, 14], "texture": "#1"},
				"east": {"uv": [5, 12, 6, 14], "texture": "#1"},
				"south": {"uv": [2, 12, 8, 14], "texture": "#1"},
				"west": {"uv": [8, 12, 9, 14], "texture": "#1"},
				"up": {"uv": [9, 15, 8, 9], "rotation": 90, "texture": "#1"},
				"down": {"uv": [10, 9, 9, 15.775], "rotation": 270, "texture": "#1"}
			}
		},
		{
			"from": [10, 19.2, 7.45],
			"to": [12.1, 21.3, 8.5],
			"rotation": {"angle": 45, "axis": "z", "origin": [11.325, 20.075, 8]},
			"faces": {
				"north": {"uv": [4, 0, 6, 2], "texture": "#1"},
				"east": {"uv": [3, 0, 4, 2], "texture": "#1"},
				"south": {"uv": [4, 0, 6, 2], "texture": "#1"},
				"west": {"uv": [2, 0, 3, 2], "texture": "#1"},
				"up": {"uv": [7, 3, 6, 1], "rotation": 90, "texture": "#1"},
				"down": {"uv": [8.05, 1, 7, 3.1], "rotation": 270, "texture": "#1"}
			}
		},
		{
			"from": [7.975, 3, 7.5],
			"to": [14.75, 5, 8.5],
			"rotation": {"angle": 0, "axis": "y", "origin": [11.5, -2, 7.5]},
			"faces": {
				"north": {"uv": [7, 13, 14, 15], "texture": "#1"},
				"east": {"uv": [6, 13, 7, 15], "texture": "#1"},
				"south": {"uv": [2, 13, 9, 15], "texture": "#1"},
				"west": {"uv": [10, 13, 11, 15], "texture": "#1"},
				"up": {"uv": [10, 16, 9, 9], "rotation": 90, "texture": "#1"},
				"down": {"uv": [11, 9, 10, 15.775], "rotation": 270, "texture": "#1"}
			}
		},
		{
			"from": [7.975, 9, 7.5],
			"to": [15, 11, 8.5],
			"rotation": {"angle": 0, "axis": "y", "origin": [11.5, 4, 7.5]},
			"faces": {
				"north": {"uv": [7, 13, 14, 15], "texture": "#1"},
				"east": {"uv": [6, 13, 7, 15], "texture": "#1"},
				"south": {"uv": [2, 13, 9, 15], "texture": "#1"},
				"west": {"uv": [10, 13, 11, 15], "texture": "#1"},
				"up": {"uv": [10, 16, 9, 9], "rotation": 90, "texture": "#1"},
				"down": {"uv": [11, 8.975, 10, 16], "rotation": 270, "texture": "#1"}
			}
		},
		{
			"from": [9.5, 2, 7.425],
			"to": [12.5, 20, 8.525],
			"rotation": {"angle": 0, "axis": "y", "origin": [11.5, 0, 7.525]},
			"faces": {
				"north": {"uv": [1, 0, 4, 16], "texture": "#1"},
				"east": {"uv": [0, 0, 1, 16], "texture": "#1"},
				"south": {"uv": [0, 0, 3, 16], "texture": "#1"},
				"west": {"uv": [0, 0, 1, 16], "texture": "#1"},
				"up": {"uv": [4, 3, 3, 0], "rotation": 90, "texture": "#1"},
				"down": {"uv": [5.1, 0, 4, 3], "rotation": 270, "texture": "#1"}
			}
		},
		{
			"from": [4, 19.2, 7.45],
			"to": [6.1, 21.3, 8.5],
			"rotation": {"angle": 45, "axis": "z", "origin": [5.325, 20.075, 8]},
			"faces": {
				"north": {"uv": [4, 0, 6, 2], "texture": "#1"},
				"east": {"uv": [3, 0, 4, 2], "texture": "#1"},
				"south": {"uv": [4, 0, 6, 2], "texture": "#1"},
				"west": {"uv": [2, 0, 3, 2], "texture": "#1"},
				"up": {"uv": [7, 3, 6, 1], "rotation": 90, "texture": "#1"},
				"down": {"uv": [8.05, 1, 7, 3.1], "rotation": 270, "texture": "#1"}
			}
		},
		{
			"from": [1.225, 3, 7.5],
			"to": [8, 5, 8.5],
			"rotation": {"angle": 0, "axis": "y", "origin": [5.5, -2, 7.5]},
			"faces": {
				"north": {"uv": [6, 12, 12, 14], "texture": "#1"},
				"east": {"uv": [5, 12, 6, 14], "texture": "#1"},
				"south": {"uv": [2, 12, 8, 14], "texture": "#1"},
				"west": {"uv": [8, 12, 9, 14], "texture": "#1"},
				"up": {"uv": [9, 15, 8, 9], "rotation": 90, "texture": "#1"},
				"down": {"uv": [10, 9, 9, 15.775], "rotation": 270, "texture": "#1"}
			}
		},
		{
			"from": [3.5, 2, 7.425],
			"to": [6.5, 20, 8.525],
			"rotation": {"angle": 0, "axis": "y", "origin": [5.5, 0, 7.525]},
			"faces": {
				"north": {"uv": [1, 0, 4, 16], "texture": "#1"},
				"east": {"uv": [0, 0, 1, 16], "texture": "#1"},
				"south": {"uv": [0, 0, 3, 16], "texture": "#1"},
				"west": {"uv": [0, 0, 1, 16], "texture": "#1"},
				"up": {"uv": [4, 3, 3, 0], "rotation": 90, "texture": "#1"},
				"down": {"uv": [5.1, 0, 4, 3], "rotation": 270, "texture": "#1"}
			}
		},
		{
			"from": [14, 0, 6.5],
			"to": [16, 18, 9.5],
			"rotation": {"angle": 0, "axis": "y", "origin": [24, 0, 0.5]},
			"faces": {
				"north": {"uv": [9, 0, 11, 16], "texture": "#1"},
				"east": {"uv": [0, 0, 3, 16], "texture": "#1"},
				"south": {"uv": [3, 0, 5, 16], "texture": "#1"},
				"west": {"uv": [6, 0, 9, 16], "texture": "#1"},
				"up": {"uv": [0, 6, 3, 8], "rotation": 90, "texture": "#1"},
				"down": {"uv": [15, 3, 12, 5], "rotation": 270, "texture": "#1"}
			}
		},
		{
			"from": [0, 0, 6.5],
			"to": [2, 18, 9.5],
			"rotation": {"angle": 0, "axis": "y", "origin": [9, 0, 0.5]},
			"faces": {
				"north": {"uv": [9, 0, 11, 16], "texture": "#1"},
				"east": {"uv": [0, 0, 3, 16], "texture": "#1"},
				"south": {"uv": [3, 0, 5, 16], "texture": "#1"},
				"west": {"uv": [6, 0, 9, 16], "texture": "#1"},
				"up": {"uv": [6, 6, 3, 4], "rotation": 90, "texture": "#1"},
				"down": {"uv": [15, 3, 12, 5], "rotation": 270, "texture": "#1"}
			}
		}
	],
	"display": {
		"thirdperson_righthand": {
			"rotation": [75, 30, 0],
			"translation": [0, 0.75, 0],
			"scale": [0.375, 0.375, 0.375]
		},
		"thirdperson_lefthand": {
			"rotation": [75, 30, 0],
			"translation": [0, 0.75, 0],
			"scale": [0.375, 0.375, 0.375]
		},
		"firstperson_righthand": {
			"rotation": [0, -60, 0],
			"scale": [0.5, 0.5, 0.5]
		},
		"firstperson_lefthand": {
			"rotation": [0, -60, 0],
			"scale": [0.5, 0.5, 0.5]
		},
		"ground": {
			"translation": [0, 3, 0],
			"scale": [0.5, 0.5, 0.5]
		},
		"gui": {
			"rotation": [30, 225, 0],
			"translation": [0, 0.5, 0],
			"scale": [0.7, 0.7, 0.7]
		},
		"fixed": {
			"scale": [0.7, 0.7, 0.7]
		}
	}
}