{
	"credit": "Made by Ecorn",
	"parent": "block/block",
	"textures": {
		"1": "block/bamboo_fence",
		"2": "block/bamboo_planks_post",
		"particle": "block/bamboo_planks_post"
	},
	"elements": [
		{
			"from": [1.65, 1, 12.4],
			"to": [3.65, 17, 14.4],
			"rotation": {"angle": 0, "axis": "y", "origin": [11.15, 1, 13.9]},
			"faces": {
				"north": {"uv": [0, 0, 2, 16], "texture": "#1"},
				"east": {"uv": [0, 0, 2, 16], "texture": "#1"},
				"south": {"uv": [0, 0, 2, 16], "texture": "#1"},
				"west": {"uv": [0, 0, 2, 16], "texture": "#1"},
				"up": {"uv": [0, 0, 2, 2], "rotation": 180, "texture": "#1"},
				"down": {"uv": [0, 0, 2, 2], "rotation": 180, "texture": "#1"}
			}
		},
		{
			"from": [0.4, -0.325, 8.9],
			"to": [2.4, 16.675, 10.9],
			"rotation": {"angle": 22.5, "axis": "x", "origin": [1.9, 5.925, 11.4]},
			"faces": {
				"north": {"uv": [0, 12, 16, 14], "rotation": 270, "texture": "#2"},
				"east": {"uv": [0, 12, 16, 14], "rotation": 90, "texture": "#2"},
				"south": {"uv": [0, 12, 16, 14], "rotation": 270, "texture": "#2"},
				"west": {"uv": [0, 12, 16, 14], "rotation": 270, "texture": "#2"},
				"up": {"uv": [0, 0, 2, 2], "texture": "#2"},
				"down": {"uv": [0, 0, 2, 2], "rotation": 180, "texture": "#2"}
			}
		},
		{
			"from": [0.75, 0.85, 10.9],
			"to": [2.75, 17.85, 12.9],
			"rotation": {"angle": -22.5, "axis": "x", "origin": [2.25, 7.1, 13.4]},
			"faces": {
				"north": {"uv": [16, 12, 0, 14], "rotation": 270, "texture": "#2"},
				"east": {"uv": [16, 12, 0, 14], "rotation": 90, "texture": "#2"},
				"south": {"uv": [16, 12, 0, 14], "rotation": 270, "texture": "#2"},
				"west": {"uv": [16, 12, 0, 14], "rotation": 270, "texture": "#2"},
				"up": {"uv": [0, 0, 2, 2], "rotation": 180, "texture": "#2"},
				"down": {"uv": [0, 0, 2, 2], "texture": "#2"}
			}
		},
		{
			"from": [13.25, 1, 12.5],
			"to": [15.25, 17, 14.5],
			"rotation": {"angle": 0, "axis": "y", "origin": [22.75, 1, 13]},
			"faces": {
				"north": {"uv": [2, 0, 0, 16], "texture": "#1"},
				"east": {"uv": [2, 0, 0, 16], "texture": "#1"},
				"south": {"uv": [2, 0, 0, 16], "texture": "#1"},
				"west": {"uv": [2, 0, 0, 16], "texture": "#1"},
				"up": {"uv": [0, 2, 2, 0], "rotation": 180, "texture": "#1"},
				"down": {"uv": [0, 2, 2, 0], "rotation": 180, "texture": "#1"}
			}
		},
		{
			"from": [13.85, 0.85, 9.25],
			"to": [15.85, 17.85, 11.25],
			"rotation": {"angle": 22.5, "axis": "x", "origin": [15.35, 7.1, 8.75]},
			"faces": {
				"north": {"uv": [16, 14, 0, 12], "rotation": 270, "texture": "#2"},
				"east": {"uv": [16, 14, 0, 12], "rotation": 90, "texture": "#2"},
				"south": {"uv": [16, 14, 0, 12], "rotation": 270, "texture": "#2"},
				"west": {"uv": [16, 14, 0, 12], "rotation": 270, "texture": "#2"},
				"up": {"uv": [0, 0, 2, 2], "rotation": 180, "texture": "#2"},
				"down": {"uv": [0, 0, 2, 2], "texture": "#2"}
			}
		},
		{
			"from": [13.5, -0.325, 11.25],
			"to": [15.5, 16.675, 13.25],
			"rotation": {"angle": -22.5, "axis": "x", "origin": [15, 5.925, 10.75]},
			"faces": {
				"north": {"uv": [0, 14, 16, 12], "rotation": 270, "texture": "#2"},
				"east": {"uv": [0, 14, 16, 12], "rotation": 90, "texture": "#2"},
				"south": {"uv": [0, 14, 16, 12], "rotation": 270, "texture": "#2"},
				"west": {"uv": [0, 14, 16, 12], "rotation": 270, "texture": "#2"},
				"up": {"uv": [0, 2, 2, 0], "texture": "#2"},
				"down": {"uv": [0, 2, 2, 0], "rotation": 180, "texture": "#2"}
			}
		},
		{
			"from": [15.25, 0, 7],
			"to": [17.25, 16, 9],
			"rotation": {"angle": 0, "axis": "y", "origin": [16.75, 0, -0.5]},
			"faces": {
				"north": {"uv": [0, 0, 2, 16], "texture": "#1"},
				"east": {"uv": [0, 0, 2, 16], "texture": "#1"},
				"south": {"uv": [0, 0, 2, 16], "texture": "#1"},
				"west": {"uv": [0, 0, 2, 16], "texture": "#1"},
				"up": {"uv": [0, 0, 2, 2], "rotation": 90, "texture": "#1"},
				"down": {"uv": [0, 0, 2, 2], "rotation": 270, "texture": "#1"}
			}
		},
		{
			"from": [-0.75, 0, 7],
			"to": [1.25, 16, 9],
			"rotation": {"angle": 0, "axis": "y", "origin": [14.75, 0, -0.5]},
			"faces": {
				"north": {"uv": [0, 0, 2, 16], "texture": "#1"},
				"east": {"uv": [0, 0, 2, 16], "texture": "#1"},
				"south": {"uv": [0, 0, 2, 16], "texture": "#1"},
				"west": {"uv": [0, 0, 2, 16], "texture": "#1"},
				"up": {"uv": [0, 0, 2, 2], "rotation": 90, "texture": "#1"},
				"down": {"uv": [0, 0, 2, 2], "rotation": 270, "texture": "#1"}
			}
		}
	],
	"display": {
		"gui": {
			"rotation": [30, 45, 0],
			"translation": [0, -1, 0],
			"scale": [0.8, 0.8, 0.8]
		},
		"head": {
			"translation": [0, -3, -6]
		}
	}
}