{
	"credit": "Made by Ecorn",
	"parent": "block/block",
	"textures": {
		"1": "block/bamboo_fence",
		"2": "block/bamboo_planks_post",
		"particle": "block/bamboo_planks_post"
	},
	"elements": [
		{
			"from": [4.75, 0.85, 6.9],
			"to": [6.75, 17.85, 8.9],
			"rotation": {"angle": 22.5, "axis": "z", "origin": [7.25, 7.1, 7.4]},
			"faces": {
				"north": {"uv": [16, 12, 0, 14], "rotation": 90, "texture": "#2"},
				"east": {"uv": [16, 12, 0, 14], "rotation": 270, "texture": "#2"},
				"south": {"uv": [16, 12, 0, 14], "rotation": 270, "texture": "#2"},
				"west": {"uv": [16, 12, 0, 14], "rotation": 270, "texture": "#2"},
				"up": {"uv": [0, 0, 2, 2], "rotation": 90, "texture": "#2"},
				"down": {"uv": [0, 0, 2, 2], "rotation": 90, "texture": "#2"}
			}
		},
		{
			"from": [6.25, 1, 6],
			"to": [8.25, 17, 8],
			"rotation": {"angle": 0, "axis": "y", "origin": [7.75, 1, -1.5]},
			"faces": {
				"north": {"uv": [0, 0, 2, 16], "texture": "#1"},
				"east": {"uv": [0, 0, 2, 16], "texture": "#1"},
				"south": {"uv": [0, 0, 2, 16], "texture": "#1"},
				"west": {"uv": [0, 0, 2, 16], "texture": "#1"},
				"up": {"uv": [0, 0, 2, 2], "rotation": 90, "texture": "#1"},
				"down": {"uv": [0, 0, 2, 2], "rotation": 270, "texture": "#1"}
			}
		},
		{
			"from": [8.25, 1, 7],
			"to": [10.25, 17, 9],
			"rotation": {"angle": 0, "axis": "y", "origin": [9.75, 1, -0.5]},
			"faces": {
				"north": {"uv": [0, 0, 2, 16], "texture": "#1"},
				"east": {"uv": [0, 0, 2, 16], "texture": "#1"},
				"south": {"uv": [0, 0, 2, 16], "texture": "#1"},
				"west": {"uv": [0, 0, 2, 16], "texture": "#1"},
				"up": {"uv": [0, 0, 2, 2], "rotation": 90, "texture": "#1"},
				"down": {"uv": [0, 0, 2, 2], "rotation": 270, "texture": "#1"}
			}
		},
		{
			"from": [11.5, 0.85, 6.4],
			"to": [13.5, 17.85, 8.4],
			"rotation": {"angle": 22.5, "axis": "z", "origin": [14, 7.1, 6.9]},
			"faces": {
				"north": {"uv": [16, 12, 0, 14], "rotation": 90, "texture": "#2"},
				"east": {"uv": [16, 12, 0, 14], "rotation": 270, "texture": "#2"},
				"south": {"uv": [16, 12, 0, 14], "rotation": 270, "texture": "#2"},
				"west": {"uv": [16, 12, 0, 14], "rotation": 270, "texture": "#2"},
				"up": {"uv": [0, 0, 2, 2], "rotation": 90, "texture": "#2"},
				"down": {"uv": [0, 0, 2, 2], "rotation": 90, "texture": "#2"}
			}
		},
		{
			"from": [9.5, -0.325, 6.75],
			"to": [11.5, 16.675, 8.75],
			"rotation": {"angle": -22.5, "axis": "z", "origin": [12, 5.925, 7.25]},
			"faces": {
				"north": {"uv": [0, 12, 16, 14], "rotation": 90, "texture": "#2"},
				"east": {"uv": [0, 12, 16, 14], "rotation": 270, "texture": "#2"},
				"south": {"uv": [0, 12, 16, 14], "rotation": 270, "texture": "#2"},
				"west": {"uv": [0, 12, 16, 14], "rotation": 270, "texture": "#2"},
				"up": {"uv": [0, 0, 2, 2], "rotation": 270, "texture": "#2"},
				"down": {"uv": [0, 0, 2, 2], "rotation": 270, "texture": "#2"}
			}
		},
		{
			"from": [2.75, -0.325, 7.25],
			"to": [4.75, 16.675, 9.25],
			"rotation": {"angle": -22.5, "axis": "z", "origin": [5.25, 5.925, 7.75]},
			"faces": {
				"north": {"uv": [0, 12, 16, 14], "rotation": 90, "texture": "#2"},
				"east": {"uv": [0, 12, 16, 14], "rotation": 270, "texture": "#2"},
				"south": {"uv": [0, 12, 16, 14], "rotation": 270, "texture": "#2"},
				"west": {"uv": [0, 12, 16, 14], "rotation": 270, "texture": "#2"},
				"up": {"uv": [0, 0, 2, 2], "rotation": 270, "texture": "#2"},
				"down": {"uv": [0, 0, 2, 2], "rotation": 270, "texture": "#2"}
			}
		},
		{
			"from": [15.25, 0, 7],
			"to": [17.25, 16, 9],
			"rotation": {"angle": 0, "axis": "y", "origin": [16.75, 0, -0.5]},
			"faces": {
				"north": {"uv": [0, 0, 2, 16], "texture": "#1"},
				"east": {"uv": [0, 0, 2, 16], "texture": "#1"},
				"south": {"uv": [0, 0, 2, 16], "texture": "#1"},
				"west": {"uv": [0, 0, 2, 16], "texture": "#1"},
				"up": {"uv": [0, 0, 2, 2], "rotation": 90, "texture": "#1"},
				"down": {"uv": [0, 0, 2, 2], "rotation": 270, "texture": "#1"}
			}
		},
		{
			"from": [-0.75, 0, 7],
			"to": [1.25, 16, 9],
			"rotation": {"angle": 0, "axis": "y", "origin": [14.75, 0, -0.5]},
			"faces": {
				"north": {"uv": [0, 0, 2, 16], "texture": "#1"},
				"east": {"uv": [0, 0, 2, 16], "texture": "#1"},
				"south": {"uv": [0, 0, 2, 16], "texture": "#1"},
				"west": {"uv": [0, 0, 2, 16], "texture": "#1"},
				"up": {"uv": [0, 0, 2, 2], "rotation": 90, "texture": "#1"},
				"down": {"uv": [0, 0, 2, 2], "rotation": 270, "texture": "#1"}
			}
		}
	],
	"display": {
		"gui": {
			"rotation": [30, 45, 0],
			"translation": [0, -1, 0],
			"scale": [0.8, 0.8, 0.8]
		},
		"head": {
			"translation": [0, -3, -6]
		}
	}
}