{
	"credit": "Made with Blockbench",
	"parent": "minecraft:block/fence_side",
	"textures": {
		"0": "block/bamboo_planks_post",
		"1": "block/bamboo_fence",
		"particle": "block/bamboo_planks_post"
	},
	"elements": [
		{
			"from": [7.5, 12.5, -0.5],
			"to": [9.5, 13.5, 6.5],
			"rotation": {"angle": 0, "axis": "y", "origin": [8.5, 13, 6]},
			"faces": {
				"north": {"uv": [0, 0, 2, 1], "rotation": 180, "texture": "#1"},
				"east": {"uv": [0, 0, 1, 7], "rotation": 270, "texture": "#1"},
				"south": {"uv": [0, 0, 2, 1], "texture": "#1"},
				"west": {"uv": [0, 0, 1, 7], "rotation": 90, "texture": "#1"},
				"up": {"uv": [0, 0, 2, 7], "rotation": 180, "texture": "#1"},
				"down": {"uv": [0, 0, 2, 7], "texture": "#1"}
			}
		},
		{
			"from": [7.5, 1.5, -0.5],
			"to": [9.5, 2.5, 6.5],
			"rotation": {"angle": 0, "axis": "y", "origin": [8.5, 2, 6]},
			"faces": {
				"north": {"uv": [0, 0, 2, 1], "rotation": 180, "texture": "#1"},
				"east": {"uv": [0, 0, 1, 7], "rotation": 270, "texture": "#1"},
				"south": {"uv": [0, 0, 2, 1], "texture": "#1"},
				"west": {"uv": [0, 0, 1, 7], "rotation": 90, "texture": "#1"},
				"up": {"uv": [0, 0, 2, 7], "rotation": 180, "texture": "#1"},
				"down": {"uv": [0, 0, 2, 7], "texture": "#1"}
			}
		},
		{
			"from": [7.75, -1.525, 2.3],
			"to": [8.75, 15.475, 4.3],
			"rotation": {"angle": -22.5, "axis": "x", "origin": [8.25, 4.725, 1.8]},
			"faces": {
				"north": {"uv": [0, 12, 16, 14], "rotation": 270, "texture": "#0"},
				"east": {"uv": [0, 12, 16, 14], "rotation": 270, "texture": "#0"},
				"south": {"uv": [0, 12, 16, 13], "rotation": 270, "texture": "#0"},
				"west": {"uv": [0, 12, 16, 14], "rotation": 90, "texture": "#0"},
				"up": {"uv": [0, 0, 1, 2], "rotation": 180, "texture": "#0"},
				"down": {"uv": [0, 0, 1, 2], "texture": "#0"}
			}
		},
		{
			"from": [7.4, -0.15, 1.25],
			"to": [8.4, 16.85, 3.25],
			"rotation": {"angle": 22.5, "axis": "x", "origin": [7.9, 6.1, 0.75]},
			"faces": {
				"north": {"uv": [16, 12, 0, 13], "rotation": 270, "texture": "#0"},
				"east": {"uv": [16, 12, 0, 14], "rotation": 270, "texture": "#0"},
				"south": {"uv": [16, 12, 0, 13], "rotation": 270, "texture": "#0"},
				"west": {"uv": [16, 12, 0, 14], "rotation": 90, "texture": "#0"},
				"up": {"uv": [0, 0, 1, 2], "texture": "#0"},
				"down": {"uv": [0, 0, 1, 2], "rotation": 180, "texture": "#0"}
			}
		}
	]
}