{
	"credit": "Made with Blockbench",
	"parent": "minecraft:block/fence_post",
	"textures": {
		"2": "block/bamboo_fence",
		"particle": "block/bamboo_fence"
	},
	"elements": [
		{
			"from": [6.5, 0, 6.5],
			"to": [9.5, 16, 9.5],
			"rotation": {"angle": 0, "axis": "y", "origin": [0, 0, 7]},
			"faces": {
				"north": {"uv": [0, 0, 3, 16], "texture": "#2"},
				"east": {"uv": [0, 0, 3, 16], "texture": "#2"},
				"south": {"uv": [0, 0, 3, 16], "texture": "#2"},
				"west": {"uv": [0, 0, 3, 16], "texture": "#2"},
				"up": {"uv": [0, 0, 3, 3], "texture": "#2"},
				"down": {"uv": [0, 0, 3, 3], "texture": "#2"}
			}
		}
	]
}