{
	"credit": "Made with Blockbench",
	"parent": "minecraft:block/fence_side",
	"textures": {
		"0": "block/bamboo_planks_post",
		"1": "block/bamboo_fence",
		"particle": "block/bamboo_planks_post"
	},
	"elements": [
		{
			"from": [3, -0.15, 6.9],
			"to": [5, 16.85, 7.9],
			"rotation": {"angle": 22.5, "axis": "z", "origin": [5.5, 6.1, 7.4]},
			"faces": {
				"north": {"uv": [16, 12, 0, 14], "rotation": 90, "texture": "#0"},
				"east": {"uv": [16, 12, 0, 13], "rotation": 270, "texture": "#0"},
				"south": {"uv": [16, 12, 0, 14], "rotation": 270, "texture": "#0"},
				"west": {"uv": [16, 12, 0, 13], "rotation": 270, "texture": "#0"},
				"up": {"uv": [0, 0, 1, 2], "rotation": 90, "texture": "#0"},
				"down": {"uv": [0, 0, 1, 2], "rotation": 90, "texture": "#0"}
			}
		},
		{
			"from": [1, -1.525, 7.25],
			"to": [3, 15.475, 8.25],
			"rotation": {"angle": -22.5, "axis": "z", "origin": [3.5, 4.725, 7.75]},
			"faces": {
				"north": {"uv": [0, 12, 16, 14], "rotation": 90, "texture": "#0"},
				"east": {"uv": [0, 12, 16, 14], "rotation": 270, "texture": "#0"},
				"south": {"uv": [0, 12, 16, 14], "rotation": 270, "texture": "#0"},
				"west": {"uv": [0, 12, 16, 13], "rotation": 270, "texture": "#0"},
				"up": {"uv": [0, 0, 1, 2], "rotation": 270, "texture": "#0"},
				"down": {"uv": [0, 0, 1, 2], "rotation": 270, "texture": "#0"}
			}
		},
		{
			"from": [-0.25, 1.5, 7],
			"to": [6.75, 2.5, 9],
			"rotation": {"angle": 0, "axis": "y", "origin": [0.25, 2, 8]},
			"faces": {
				"north": {"uv": [0, 0, 1, 7], "rotation": 90, "texture": "#1"},
				"east": {"uv": [0, 0, 2, 1], "rotation": 180, "texture": "#1"},
				"south": {"uv": [0, 0, 1, 7], "rotation": 270, "texture": "#1"},
				"west": {"uv": [0, 0, 2, 1], "texture": "#1"},
				"up": {"uv": [0, 0, 2, 7], "rotation": 270, "texture": "#1"},
				"down": {"uv": [0, 0, 2, 7], "rotation": 270, "texture": "#1"}
			}
		},
		{
			"from": [-0.25, 12.5, 7],
			"to": [6.75, 13.5, 9],
			"rotation": {"angle": 0, "axis": "y", "origin": [0.25, 13, 8]},
			"faces": {
				"north": {"uv": [0, 0, 1, 7], "rotation": 90, "texture": "#1"},
				"east": {"uv": [0, 0, 2, 1], "rotation": 180, "texture": "#1"},
				"south": {"uv": [0, 0, 1, 7], "rotation": 270, "texture": "#1"},
				"west": {"uv": [0, 0, 2, 1], "texture": "#1"},
				"up": {"uv": [0, 0, 2, 7], "rotation": 270, "texture": "#1"},
				"down": {"uv": [0, 0, 2, 7], "rotation": 270, "texture": "#1"}
			}
		}
	]
}