{
	"credit": "Made with Blockbench",
	"parent": "minecraft:block/fence_post",
	"textures": {
		"0": "block/birch_log_fence",
		"particle": "block/birch_log_fence"
	},
	"elements": [
		{
			"from": [6.5, 0, 6.5],
			"to": [9.5, 16, 9.5],
			"rotation": {"angle": 0, "axis": "y", "origin": [0, 0, 1]},
			"faces": {
				"north": {"uv": [0, 0, 3, 16], "texture": "#0"},
				"east": {"uv": [3, 0, 6, 16], "texture": "#0"},
				"south": {"uv": [6, 0, 9, 16], "texture": "#0"},
				"west": {"uv": [9, 0, 12, 16], "texture": "#0"},
				"up": {"uv": [15, 3, 12, 0], "texture": "#0"},
				"down": {"uv": [15, 3, 12, 6], "texture": "#0"}
			}
		}
	]
}