{
	"credit": "Made with Blockbench",
	"parent": "minecraft:block/fence_side",
	"texture_size": [32, 32],
	"textures": {
		"0": "block/birch_log_fence",
		"particle": "block/birch_log_fence"
	},
	"elements": [
		{
			"from": [7.425, 0, 1.25],
			"to": [8.525, 16, 4.25],
			"rotation": {"angle": 0, "axis": "y", "origin": [7.525, 0, 2.25]},
			"faces": {
				"north": {"uv": [0, 0, 1, 16], "texture": "#0"},
				"east": {"uv": [8, 0, 11, 16], "texture": "#0"},
				"south": {"uv": [2, 0, 3, 16], "texture": "#0"},
				"west": {"uv": [8, 0, 11, 16], "texture": "#0"},
				"up": {"uv": [16, 7, 15, 4], "texture": "#0"},
				"down": {"uv": [15, 12, 14, 15], "texture": "#0"}
			}
		},
		{
			"from": [7.5, 9, 0],
			"to": [8.5, 11, 7],
			"rotation": {"angle": 0, "axis": "y", "origin": [7.5, 4, 2.25]},
			"faces": {
				"north": {"uv": [4, 7.5, 4.5, 8.5], "texture": "#0"},
				"east": {"uv": [1, 14, 7.2625, 16], "texture": "#0"},
				"south": {"uv": [7.5, 7.5, 8, 8.5], "texture": "#0"},
				"west": {"uv": [4.5, 7.5, 7.5, 8.5], "texture": "#0"},
				"up": {"uv": [4.5, 7.5, 4, 4.5], "texture": "#0"},
				"down": {"uv": [5, 4.5, 4.5, 7.5], "texture": "#0"}
			}
		},
		{
			"from": [7.5, 3, 0],
			"to": [8.5, 5, 7],
			"rotation": {"angle": 0, "axis": "y", "origin": [7.5, -2, 2.25]},
			"faces": {
				"north": {"uv": [4, 7.5, 4.5, 8.5], "texture": "#0"},
				"east": {"uv": [1, 7.5, 4, 8.5], "texture": "#0"},
				"south": {"uv": [7.5, 7.5, 8, 8.5], "texture": "#0"},
				"west": {"uv": [4.5, 7.5, 7.5, 8.5], "texture": "#0"},
				"up": {"uv": [4.5, 7.5, 4, 4.5], "texture": "#0"},
				"down": {"uv": [5, 4.5, 4.5, 7.5], "texture": "#0"}
			}
		},
		{
			"from": [7.45, 15.2, 1.65],
			"to": [8.5, 17.3, 3.75],
			"rotation": {"angle": 45, "axis": "x", "origin": [8, 16.075, 2.425]},
			"faces": {
				"north": {"uv": [7, 15, 8, 16], "texture": "#0"},
				"east": {"uv": [10, 14, 12, 16], "texture": "#0"},
				"south": {"uv": [4.5, 1.5, 5, 2.5], "texture": "#0"},
				"west": {"uv": [6.5, 14.5, 7.5, 15.5], "texture": "#0"},
				"up": {"uv": [3.5, 1.5, 3, 0.5], "texture": "#0"},
				"down": {"uv": [4, 0.5, 3.5, 1.5], "texture": "#0"}
			}
		}
	]
}