{
	"credit": "Made with Blockbench",
	"parent": "minecraft:block/template_fence_gate",
	"textures": {
		"1": "block/birch_log_fence",
		"particle": "block/birch_log_fence"
	},
	"elements": [
		{
			"from": [14.75, 2, 11.825],
			"to": [15.85, 20, 14.825],
			"rotation": {"angle": 0, "axis": "y", "origin": [14.85, 0, 12.825]},
			"faces": {
				"north": {"uv": [0, 0, 1, 16], "texture": "#1"},
				"east": {"uv": [0, 0, 3, 16], "texture": "#1"},
				"south": {"uv": [0, 0, 1.1, 16], "texture": "#1"},
				"west": {"uv": [1, 0, 4, 16], "texture": "#1"},
				"up": {"uv": [4.1, 3, 3, 0], "texture": "#1"},
				"down": {"uv": [5.1, 0, 4, 3], "texture": "#1"}
			}
		},
		{
			"from": [14, 0, 6.5],
			"to": [16, 18, 9.5],
			"rotation": {"angle": 0, "axis": "y", "origin": [24, 0, 0.5]},
			"faces": {
				"north": {"uv": [9, 0, 11, 16], "texture": "#1"},
				"east": {"uv": [0, 0, 3, 16], "texture": "#1"},
				"south": {"uv": [3, 0, 6, 16], "texture": "#1"},
				"west": {"uv": [6, 0, 9, 16], "texture": "#1"},
				"up": {"uv": [6, 6, 3, 4], "rotation": 90, "texture": "#1"},
				"down": {"uv": [15, 3, 12, 5], "rotation": 270, "texture": "#1"}
			}
		},
		{
			"from": [0, 0, 6.5],
			"to": [2, 18, 9.5],
			"rotation": {"angle": 0, "axis": "y", "origin": [-8, 0, 0.5]},
			"faces": {
				"north": {"uv": [11, 0, 9, 16], "texture": "#1"},
				"east": {"uv": [9, 0, 6, 16], "texture": "#1"},
				"south": {"uv": [6, 0, 3, 16], "texture": "#1"},
				"west": {"uv": [3, 0, 0, 16], "texture": "#1"},
				"up": {"uv": [15, 0, 12, 2], "rotation": 90, "texture": "#1"},
				"down": {"uv": [15, 5, 12, 3], "rotation": 270, "texture": "#1"}
			}
		},
		{
			"from": [14.825, 3, 9.575],
			"to": [15.825, 5, 16.35],
			"rotation": {"angle": 0, "axis": "y", "origin": [14.825, -2, 12.825]},
			"faces": {
				"north": {"uv": [6, 13, 7, 15], "texture": "#1"},
				"east": {"uv": [2, 13, 8.775, 15], "texture": "#1"},
				"south": {"uv": [10, 13, 11, 15], "texture": "#1"},
				"west": {"uv": [7, 13, 14, 15], "texture": "#1"},
				"up": {"uv": [10, 15.775, 9, 9], "texture": "#1"},
				"down": {"uv": [11, 9, 10, 15.775], "texture": "#1"}
			}
		},
		{
			"from": [14.825, 9, 9.325],
			"to": [15.825, 11, 16.35],
			"rotation": {"angle": 0, "axis": "y", "origin": [14.825, 4, 12.825]},
			"faces": {
				"north": {"uv": [6, 13, 7, 15], "texture": "#1"},
				"east": {"uv": [2, 13, 9.025, 15], "texture": "#1"},
				"south": {"uv": [10, 13, 11, 15], "texture": "#1"},
				"west": {"uv": [7, 13, 14, 15], "texture": "#1"},
				"up": {"uv": [10, 16, 9, 8.975], "texture": "#1"},
				"down": {"uv": [11, 8.975, 10, 16], "texture": "#1"}
			}
		},
		{
			"from": [0.15, 2, 11.825],
			"to": [1.25, 20, 14.825],
			"rotation": {"angle": 0, "axis": "y", "origin": [1.15, 0, 12.825]},
			"faces": {
				"north": {"uv": [1, 0, 0, 16], "texture": "#1"},
				"east": {"uv": [4, 0, 1, 16], "texture": "#1"},
				"south": {"uv": [1.1, 0, 0, 16], "texture": "#1"},
				"west": {"uv": [3, 0, 0, 16], "texture": "#1"},
				"up": {"uv": [3, 3, 4.1, 0], "texture": "#1"},
				"down": {"uv": [4, 0, 5.1, 3], "texture": "#1"}
			}
		},
		{
			"from": [0.175, 18.8, 12.475],
			"to": [1.225, 20.9, 14.575],
			"rotation": {"angle": -45, "axis": "x", "origin": [0.675, 19.675, 13.25]},
			"faces": {
				"north": {"uv": [4, 0, 3, 2], "texture": "#1"},
				"east": {"uv": [6, 0, 4, 2], "texture": "#1"},
				"south": {"uv": [3, 0, 2, 2], "texture": "#1"},
				"west": {"uv": [6.1, 0, 4, 2.1], "texture": "#1"},
				"up": {"uv": [6, 3.1, 7.05, 1], "texture": "#1"},
				"down": {"uv": [7, 1, 8.05, 3.1], "texture": "#1"}
			}
		},
		{
			"from": [0.175, 9, 9.325],
			"to": [1.175, 11, 16.35],
			"rotation": {"angle": 0, "axis": "y", "origin": [1.175, 4, 12.825]},
			"faces": {
				"north": {"uv": [7, 13, 6, 15], "texture": "#1"},
				"east": {"uv": [14, 13, 7, 15], "texture": "#1"},
				"south": {"uv": [11, 13, 10, 15], "texture": "#1"},
				"west": {"uv": [9.025, 13, 2, 15], "texture": "#1"},
				"up": {"uv": [9, 16, 10, 8.975], "texture": "#1"},
				"down": {"uv": [10, 8.975, 11, 16], "texture": "#1"}
			}
		},
		{
			"from": [0.175, 3, 9.575],
			"to": [1.175, 5, 16.35],
			"rotation": {"angle": 0, "axis": "y", "origin": [1.175, -2, 12.825]},
			"faces": {
				"north": {"uv": [7, 13, 6, 15], "texture": "#1"},
				"east": {"uv": [14, 13, 7, 15], "texture": "#1"},
				"south": {"uv": [11, 13, 10, 15], "texture": "#1"},
				"west": {"uv": [8.775, 13, 2, 15], "texture": "#1"},
				"up": {"uv": [9, 15.775, 10, 9], "texture": "#1"},
				"down": {"uv": [10, 9, 11, 15.775], "texture": "#1"}
			}
		},
		{
			"from": [14.775, 18.8, 12.475],
			"to": [15.825, 20.9, 14.575],
			"rotation": {"angle": -45, "axis": "x", "origin": [15.325, 19.675, 13.25]},
			"faces": {
				"north": {"uv": [3, 0, 4, 2], "texture": "#1"},
				"east": {"uv": [4, 0, 6.1, 2.1], "texture": "#1"},
				"south": {"uv": [2, 0, 3, 2], "texture": "#1"},
				"west": {"uv": [4, 0, 6, 2], "texture": "#1"},
				"up": {"uv": [7.05, 3.1, 6, 1], "texture": "#1"},
				"down": {"uv": [8.05, 1, 7, 3.1], "texture": "#1"}
			}
		}
	]
}