{
	"credit": "Made with Blockbench",
	"parent": "minecraft:block/template_fence_gate",
	"textures": {
		"1": "block/spruce_log",
		"texture": "block/spruce_planks",
		"particle": "block/spruce_log"
	},
	"elements": [
		{
			"from": [-2, 0, 6],
			"to": [2, 16, 10],
			"faces": {
				"north": {"uv": [4, 0, 8, 16], "texture": "#1"},
				"east": {"uv": [0, 0, 4, 16], "texture": "#1"},
				"south": {"uv": [12, 0, 16, 16], "texture": "#1"},
				"west": {"uv": [8, 0, 12, 16], "texture": "#1"},
				"up": {"uv": [5, 12, 9, 16], "rotation": 90, "texture": "#1"},
				"down": {"uv": [6, 12, 10, 16], "rotation": 270, "texture": "#1"}
			}
		},
		{
			"from": [14, 0, 6],
			"to": [18, 16, 10],
			"faces": {
				"north": {"uv": [12, 0, 16, 16], "texture": "#1"},
				"east": {"uv": [8, 0, 12, 16], "texture": "#1"},
				"south": {"uv": [4, 0, 8, 16], "texture": "#1"},
				"west": {"uv": [0, 0, 4, 16], "texture": "#1"},
				"up": {"uv": [5, 12, 9, 16], "rotation": 270, "texture": "#1"},
				"down": {"uv": [6, 12, 10, 16], "rotation": 90, "texture": "#1"}
			}
		},
		{
			"from": [2, 5.25, 7.5],
			"to": [13, 9.25, 8.5],
			"rotation": {"angle": 0, "axis": "y", "origin": [-1, 0, 0]},
			"faces": {
				"north": {"uv": [0, 8, 6, 12], "texture": "#texture"},
				"south": {"uv": [0, 8, 11, 12], "texture": "#texture"},
				"up": {"uv": [0, 8, 6, 9], "texture": "#texture"},
				"down": {"uv": [0, 11, 6, 12], "texture": "#texture"}
			}
		},
		{
			"from": [2, 10.5, 7.5],
			"to": [13, 14.5, 8.5],
			"rotation": {"angle": 0, "axis": "y", "origin": [-1, 0, 0]},
			"faces": {
				"north": {"uv": [1, 12, 7, 16], "texture": "#texture"},
				"south": {"uv": [1, 12, 12, 16], "texture": "#texture"},
				"up": {"uv": [1, 12, 7, 13], "texture": "#texture"},
				"down": {"uv": [1, 15, 7, 16], "texture": "#texture"}
			}
		},
		{
			"from": [13, 5, 7],
			"to": [14, 15, 9],
			"rotation": {"angle": 0, "axis": "y", "origin": [22, 0, 0]},
			"faces": {
				"north": {"uv": [1, 0, 0, 10], "texture": "#texture"},
				"south": {"uv": [3, 0, 2, 10], "texture": "#texture"},
				"west": {"uv": [2, 0, 0, 10], "texture": "#texture"},
				"up": {"uv": [1, 0, 0, 2], "texture": "#texture"},
				"down": {"uv": [1, 0, 0, 2], "texture": "#texture"}
			}
		}
	]
}