{
	"credit": "Made with Blockbench",
	"parent": "minecraft:block/fence_side",
	"textures": {
		"0": "block/spruce_planks",
		"particle": "block/spruce_planks"
	},
	"elements": [
		{
			"from": [7.5, 3.25, 0],
			"to": [8.5, 6.25, 9.5],
			"rotation": {"angle": 0, "axis": "y", "origin": [0, -2, -2.5]},
			"faces": {
				"east": {"uv": [6.5, 9, 16, 12], "texture": "#0"},
				"west": {"uv": [0, 9, 9.5, 12], "texture": "#0"},
				"up": {"uv": [0, 8, 9.5, 9], "rotation": 90, "texture": "#0"},
				"down": {"uv": [0, 11, 9.5, 12], "rotation": 270, "texture": "#0"}
			}
		},
		{
			"from": [7.5, 11.5, 0],
			"to": [8.5, 14.5, 9.5],
			"rotation": {"angle": 0, "axis": "y", "origin": [0, 1, -2.5]},
			"faces": {
				"east": {"uv": [1, 9, 10.5, 12], "texture": "#0"},
				"west": {"uv": [4, 1, 13.5, 4], "texture": "#0"},
				"up": {"uv": [1, 12, 10.5, 13], "rotation": 90, "texture": "#0"},
				"down": {"uv": [1, 15, 10.5, 16], "rotation": 270, "texture": "#0"}
			}
		},
		{
			"from": [7.5, 7.5, 0],
			"to": [8.5, 10.5, 9.5],
			"rotation": {"angle": 0, "axis": "y", "origin": [0, -3, -2.5]},
			"faces": {
				"east": {"uv": [0, 1, 9.5, 4], "texture": "#0"},
				"west": {"uv": [2, 9, 11.5, 12], "texture": "#0"},
				"up": {"uv": [1, 12, 10.5, 13], "rotation": 90, "texture": "#0"},
				"down": {"uv": [1, 15, 10.5, 16], "rotation": 270, "texture": "#0"}
			}
		}
	]
}