{
	"credit": "Made with Blockbench",
	"parent": "minecraft:block/template_fence_gate",
	"textures": {
		"1": "block/spruce_log",
		"texture": "block/spruce_planks",
		"particle": "block/spruce_log"
	},
	"elements": [
		{
			"from": [-2, 0, 6],
			"to": [2, 16, 10],
			"faces": {
				"north": {"uv": [4, 0, 8, 16], "texture": "#1"},
				"east": {"uv": [0, 0, 4, 16], "texture": "#1"},
				"south": {"uv": [12, 0, 16, 16], "texture": "#1"},
				"west": {"uv": [8, 0, 12, 16], "texture": "#1"},
				"up": {"uv": [5, 12, 9, 16], "rotation": 90, "texture": "#1"},
				"down": {"uv": [6, 12, 10, 16], "rotation": 270, "texture": "#1"}
			}
		},
		{
			"from": [14, 0, 6],
			"to": [18, 16, 10],
			"faces": {
				"north": {"uv": [12, 0, 16, 16], "texture": "#1"},
				"east": {"uv": [8, 0, 12, 16], "texture": "#1"},
				"south": {"uv": [4, 0, 8, 16], "texture": "#1"},
				"west": {"uv": [0, 0, 4, 16], "texture": "#1"},
				"up": {"uv": [5, 12, 9, 16], "rotation": 270, "texture": "#1"},
				"down": {"uv": [6, 12, 10, 16], "rotation": 90, "texture": "#1"}
			}
		},
		{
			"from": [1, 5, -4],
			"to": [3, 15, -3],
			"rotation": {"angle": 0, "axis": "y", "origin": [1, 5, -4]},
			"faces": {
				"north": {"uv": [0, 0, 2, 10], "texture": "#texture"},
				"east": {"uv": [0, 0, 1, 10], "texture": "#texture"},
				"south": {"uv": [0, 0, 2, 10], "texture": "#texture"},
				"west": {"uv": [0, 0, 1, 10], "texture": "#texture"},
				"up": {"uv": [0, 0, 2, 1], "texture": "#texture"},
				"down": {"uv": [0, 0, 2, 1], "texture": "#texture"}
			}
		},
		{
			"from": [1.5, 10.5, -3],
			"to": [2.5, 14.5, 8],
			"rotation": {"angle": 0, "axis": "y", "origin": [1.5, 10.5, -3]},
			"faces": {
				"north": {"uv": [0, 0, 1, 4], "texture": "#texture"},
				"east": {"uv": [0, 0, 11, 4], "texture": "#texture"},
				"south": {"uv": [0, 0, 1, 4], "texture": "#texture"},
				"west": {"uv": [0, 0, 11, 4], "texture": "#texture"},
				"up": {"uv": [0, 0, 1, 11], "texture": "#texture"},
				"down": {"uv": [0, 0, 1, 11], "texture": "#texture"}
			}
		},
		{
			"from": [1.5, 5.25, -3],
			"to": [2.5, 9.25, 8],
			"rotation": {"angle": 0, "axis": "y", "origin": [1.5, 5.25, -3]},
			"faces": {
				"north": {"uv": [0, 0, 1, 4], "texture": "#texture"},
				"east": {"uv": [0, 0, 11, 4], "texture": "#texture"},
				"south": {"uv": [0, 0, 1, 4], "texture": "#texture"},
				"west": {"uv": [0, 0, 11, 4], "texture": "#texture"},
				"up": {"uv": [0, 0, 1, 11], "texture": "#texture"},
				"down": {"uv": [0, 0, 1, 11], "texture": "#texture"}
			}
		}
	],
	"display": {
		"thirdperson_righthand": {
			"rotation": [75, 30, 0],
			"translation": [0, 0.75, 0],
			"scale": [0.375, 0.375, 0.375]
		},
		"thirdperson_lefthand": {
			"rotation": [75, 30, 0],
			"translation": [0, 0.75, 0],
			"scale": [0.375, 0.375, 0.375]
		},
		"firstperson_righthand": {
			"rotation": [0, -60, 0],
			"scale": [0.5, 0.5, 0.5]
		},
		"firstperson_lefthand": {
			"rotation": [0, -60, 0],
			"scale": [0.5, 0.5, 0.5]
		},
		"ground": {
			"translation": [0, 3, 0],
			"scale": [0.5, 0.5, 0.5]
		},
		"gui": {
			"rotation": [30, 225, 0],
			"translation": [0, 0.5, 0],
			"scale": [0.7, 0.7, 0.7]
		},
		"fixed": {
			"scale": [0.7, 0.7, 0.7]
		}
	}
}